2026-06-23_16-41-56,RTID,foto_plat/2026-06-23_16-41-56_RTID.jpg
2026-06-23_16-41-56,MEE,foto_plat/2026-06-23_16-41-56_MEE.jpg
2026-06-23_16-41-58,UNKNOWN,foto_plat/2026-06-23_16-41-58_UNKNOWN.jpg
2026-06-23_16-41-58,SEEMS,foto_plat/2026-06-23_16-41-58_SEEMS.jpg
2026-06-23_16-41-58,CETNAE,foto_plat/2026-06-23_16-41-58_CETNAE.jpg
2026-06-23_16-41-58,B1002C,foto_plat/2026-06-23_16-41-58_B1002C.jpg
2026-06-23_16-41-58,UNKNOWN,foto_plat/2026-06-23_16-41-58_UNKNOWN.jpg
2026-06-23_16-41-59,EWNME,foto_plat/2026-06-23_16-41-59_EWNME.jpg
2026-06-23_16-41-59,TESENTI,foto_plat/2026-06-23_16-41-59_TESENTI.jpg
2026-06-23_16-41-59,UNKNOWN,foto_plat/2026-06-23_16-41-59_UNKNOWN.jpg
2026-06-23_16-41-59,FE1001777,foto_plat/2026-06-23_16-41-59_FE1001777.jpg
2026-06-23_16-41-59,SUM,foto_plat/2026-06-23_16-41-59_SUM.jpg
2026-06-23_16-41-59,ORE,foto_plat/2026-06-23_16-41-59_ORE.jpg
2026-06-23_16-41-59,TEXAN,foto_plat/2026-06-23_16-41-59_TEXAN.jpg
2026-06-23_16-41-59,FE1001227M,foto_plat/2026-06-23_16-41-59_FE1001227M.jpg
2026-06-23_16-41-59,UNKNOWN,foto_plat/2026-06-23_16-41-59_UNKNOWN.jpg
2026-06-23_16-42-00,PRETEENS,foto_plat/2026-06-23_16-42-00_PRETEENS.jpg
2026-06-23_16-42-00,REERME,foto_plat/2026-06-23_16-42-00_REERME.jpg
2026-06-23_16-42-00,AESSETE,foto_plat/2026-06-23_16-42-00_AESSETE.jpg
2026-06-23_16-42-00,B1001222,foto_plat/2026-06-23_16-42-00_B1001222.jpg
2026-06-23_16-42-00,UNKNOWN,foto_plat/2026-06-23_16-42-00_UNKNOWN.jpg
2026-06-23_16-42-00,CAMER,foto_plat/2026-06-23_16-42-00_CAMER.jpg
2026-06-23_16-42-00,ENEMIES,foto_plat/2026-06-23_16-42-00_ENEMIES.jpg
2026-06-23_16-42-00,CENEREE,foto_plat/2026-06-23_16-42-00_CENEREE.jpg
2026-06-23_16-42-00,IB100172,foto_plat/2026-06-23_16-42-00_IB100172.jpg
2026-06-23_16-42-00,UNKNOWN,foto_plat/2026-06-23_16-42-00_UNKNOWN.jpg
2026-06-23_16-42-00,OAMANAES,foto_plat/2026-06-23_16-42-00_OAMANAES.jpg
2026-06-23_16-42-01,PAN83,foto_plat/2026-06-23_16-42-01_PAN83.jpg
2026-06-23_16-42-01,WEEN,foto_plat/2026-06-23_16-42-01_WEEN.jpg
2026-06-23_16-42-01,UNKNOWN,foto_plat/2026-06-23_16-42-01_UNKNOWN.jpg
2026-06-23_16-42-01,MNEE,foto_plat/2026-06-23_16-42-01_MNEE.jpg
2026-06-23_16-42-01,SEXENEANN,foto_plat/2026-06-23_16-42-01_SEXENEANN.jpg
2026-06-23_16-42-01,UNKNOWN,foto_plat/2026-06-23_16-42-01_UNKNOWN.jpg
2026-06-23_16-42-01,RANNMETNA,foto_plat/2026-06-23_16-42-01_RANNMETNA.jpg
2026-06-23_16-42-01,EENSNEUE,foto_plat/2026-06-23_16-42-01_EENSNEUE.jpg
2026-06-23_16-42-01,CERE,foto_plat/2026-06-23_16-42-01_CERE.jpg
2026-06-23_16-42-02,PEORETA,foto_plat/2026-06-23_16-42-02_PEORETA.jpg
2026-06-23_16-42-02,WATNONETEE,foto_plat/2026-06-23_16-42-02_WATNONETEE.jpg
2026-06-23_16-42-02,EEE,foto_plat/2026-06-23_16-42-02_EEE.jpg
2026-06-23_16-42-02,TLMEEE,foto_plat/2026-06-23_16-42-02_TLMEEE.jpg
2026-06-23_16-42-03,BOE,foto_plat/2026-06-23_16-42-03_BOE.jpg
2026-06-23_16-42-03,BOOY,foto_plat/2026-06-23_16-42-03_BOOY.jpg
2026-06-23_16-42-03,UNKNOWN,foto_plat/2026-06-23_16-42-03_UNKNOWN.jpg
2026-06-23_16-42-04,WAESEE,foto_plat/2026-06-23_16-42-04_WAESEE.jpg
2026-06-23_16-42-04,1B100122,foto_plat/2026-06-23_16-42-04_1B100122.jpg
2026-06-23_16-42-04,OOMAMMSCN,foto_plat/2026-06-23_16-42-04_OOMAMMSCN.jpg
2026-06-23_16-42-04,CERE,foto_plat/2026-06-23_16-42-04_CERE.jpg
2026-06-23_16-42-04,UNKNOWN,foto_plat/2026-06-23_16-42-04_UNKNOWN.jpg
2026-06-23_16-42-04,EAMDAWAH,foto_plat/2026-06-23_16-42-04_EAMDAWAH.jpg
2026-06-23_16-42-04,B1001222,foto_plat/2026-06-23_16-42-04_B1001222.jpg
2026-06-23_16-42-04,RANA,foto_plat/2026-06-23_16-42-04_RANA.jpg
2026-06-23_16-42-04,CEWMMEYTT,foto_plat/2026-06-23_16-42-04_CEWMMEYTT.jpg
2026-06-23_16-42-05,31001272,foto_plat/2026-06-23_16-42-05_31001272.jpg
2026-06-23_16-42-05,NOREWAONES,foto_plat/2026-06-23_16-42-05_NOREWAONES.jpg
2026-06-23_16-42-05,B100127,foto_plat/2026-06-23_16-42-05_B100127.jpg
2026-06-23_16-42-05,REONME,foto_plat/2026-06-23_16-42-05_REONME.jpg
2026-06-23_16-42-05,CNAER,foto_plat/2026-06-23_16-42-05_CNAER.jpg
2026-06-23_16-42-05,31001222,foto_plat/2026-06-23_16-42-05_31001222.jpg
2026-06-23_16-42-05,PEARSCE,foto_plat/2026-06-23_16-42-05_PEARSCE.jpg
2026-06-23_16-42-05,B1001227,foto_plat/2026-06-23_16-42-05_B1001227.jpg
2026-06-23_16-42-05,B1001271,foto_plat/2026-06-23_16-42-05_B1001271.jpg
2026-06-23_16-42-06,ERANSAE,foto_plat/2026-06-23_16-42-06_ERANSAE.jpg
2026-06-23_16-42-06,B1001221,foto_plat/2026-06-23_16-42-06_B1001221.jpg
2026-06-23_16-42-06,RTMTRA,foto_plat/2026-06-23_16-42-06_RTMTRA.jpg
2026-06-23_16-42-06,10012220,foto_plat/2026-06-23_16-42-06_10012220.jpg
2026-06-23_16-42-06,510012224,foto_plat/2026-06-23_16-42-06_510012224.jpg
2026-06-23_16-42-06,S1001222,foto_plat/2026-06-23_16-42-06_S1001222.jpg
2026-06-23_16-42-06,RAORANG,foto_plat/2026-06-23_16-42-06_RAORANG.jpg
2026-06-23_16-42-06,ENONETM,foto_plat/2026-06-23_16-42-06_ENONETM.jpg
2026-06-23_16-42-06,10012220,foto_plat/2026-06-23_16-42-06_10012220.jpg
2026-06-23_16-42-07,LAEARIOAEORING,foto_plat/2026-06-23_16-42-07_LAEARIOAEORING.jpg
2026-06-23_16-42-07,ETNY,foto_plat/2026-06-23_16-42-07_ETNY.jpg
2026-06-23_16-42-07,WEE,foto_plat/2026-06-23_16-42-07_WEE.jpg
2026-06-23_16-42-07,B100122,foto_plat/2026-06-23_16-42-07_B100122.jpg
2026-06-23_16-42-07,UNKNOWN,foto_plat/2026-06-23_16-42-07_UNKNOWN.jpg
2026-06-23_16-42-07,03CAU,foto_plat/2026-06-23_16-42-07_03CAU.jpg
2026-06-23_16-42-07,EARENWE,foto_plat/2026-06-23_16-42-07_EARENWE.jpg
2026-06-23_16-42-07,TETCAE,foto_plat/2026-06-23_16-42-07_TETCAE.jpg
2026-06-23_16-42-07,B1001272,foto_plat/2026-06-23_16-42-07_B1001272.jpg
2026-06-23_16-42-07,ASCO,foto_plat/2026-06-23_16-42-07_ASCO.jpg
2026-06-23_16-42-08,EENS,foto_plat/2026-06-23_16-42-08_EENS.jpg
2026-06-23_16-42-08,B100222,foto_plat/2026-06-23_16-42-08_B100222.jpg
2026-06-23_16-42-08,UNKNOWN,foto_plat/2026-06-23_16-42-08_UNKNOWN.jpg
2026-06-23_16-42-08,EAEEWE,foto_plat/2026-06-23_16-42-08_EAEEWE.jpg
2026-06-23_16-42-08,B100122,foto_plat/2026-06-23_16-42-08_B100122.jpg
2026-06-23_16-42-08,REPENA,foto_plat/2026-06-23_16-42-08_REPENA.jpg
2026-06-23_16-42-08,EAE,foto_plat/2026-06-23_16-42-08_EAE.jpg
2026-06-23_16-42-08,UNKNOWN,foto_plat/2026-06-23_16-42-08_UNKNOWN.jpg
2026-06-23_16-42-08,51001CC,foto_plat/2026-06-23_16-42-08_51001CC.jpg
2026-06-23_16-42-08,TENEAATUN,foto_plat/2026-06-23_16-42-08_TENEAATUN.jpg
2026-06-23_16-42-09,UNKNOWN,foto_plat/2026-06-23_16-42-09_UNKNOWN.jpg
2026-06-23_16-42-09,B1001272,foto_plat/2026-06-23_16-42-09_B1001272.jpg
2026-06-23_16-42-09,CEESRTRSONAL,foto_plat/2026-06-23_16-42-09_CEESRTRSONAL.jpg
2026-06-23_16-42-09,AESSAUTE,foto_plat/2026-06-23_16-42-09_AESSAUTE.jpg
2026-06-23_16-42-09,B10012,foto_plat/2026-06-23_16-42-09_B10012.jpg
2026-06-23_16-42-09,TETCAER,foto_plat/2026-06-23_16-42-09_TETCAER.jpg
2026-06-23_16-42-09,EEEE,foto_plat/2026-06-23_16-42-09_EEEE.jpg
2026-06-23_16-42-09,B1001227,foto_plat/2026-06-23_16-42-09_B1001227.jpg
2026-06-23_16-42-09,OMC,foto_plat/2026-06-23_16-42-09_OMC.jpg
2026-06-23_16-42-10,TKENME,foto_plat/2026-06-23_16-42-10_TKENME.jpg
2026-06-23_16-42-10,TETCAE,foto_plat/2026-06-23_16-42-10_TETCAE.jpg
2026-06-23_16-42-10,B10012,foto_plat/2026-06-23_16-42-10_B10012.jpg
2026-06-23_16-42-10,UNKNOWN,foto_plat/2026-06-23_16-42-10_UNKNOWN.jpg
2026-06-23_16-42-10,810022M,foto_plat/2026-06-23_16-42-10_810022M.jpg
2026-06-23_16-42-10,GEASS,foto_plat/2026-06-23_16-42-10_GEASS.jpg
2026-06-23_16-42-10,B100172,foto_plat/2026-06-23_16-42-10_B100172.jpg
2026-06-23_16-42-10,UNKNOWN,foto_plat/2026-06-23_16-42-10_UNKNOWN.jpg
2026-06-23_16-42-10,PEA,foto_plat/2026-06-23_16-42-10_PEA.jpg
2026-06-23_16-42-11,B10017279,foto_plat/2026-06-23_16-42-11_B10017279.jpg
2026-06-23_16-42-11,UNKNOWN,foto_plat/2026-06-23_16-42-11_UNKNOWN.jpg
2026-06-23_16-42-11,B100122,foto_plat/2026-06-23_16-42-11_B100122.jpg
2026-06-23_16-42-11,ELURUHDERA,foto_plat/2026-06-23_16-42-11_ELURUHDERA.jpg
2026-06-23_16-42-11,UNKNOWN,foto_plat/2026-06-23_16-42-11_UNKNOWN.jpg
2026-06-23_16-42-11,PIGESIRCEONING,foto_plat/2026-06-23_16-42-11_PIGESIRCEONING.jpg
2026-06-23_16-43-25,AYEXE,foto_plat/2026-06-23_16-43-25_AYEXE.jpg
2026-06-23_16-43-25,UNKNOWN,foto_plat/2026-06-23_16-43-25_UNKNOWN.jpg
2026-06-23_16-43-25,EEENE,foto_plat/2026-06-23_16-43-25_EEENE.jpg
2026-06-23_16-43-25,UNKNOWN,foto_plat/2026-06-23_16-43-25_UNKNOWN.jpg
2026-06-23_16-43-26,5SANE,foto_plat/2026-06-23_16-43-26_5SANE.jpg
2026-06-23_16-43-26,B100777,foto_plat/2026-06-23_16-43-26_B100777.jpg
2026-06-23_16-43-26,UNKNOWN,foto_plat/2026-06-23_16-43-26_UNKNOWN.jpg
2026-06-23_16-43-26,5STEAM,foto_plat/2026-06-23_16-43-26_5STEAM.jpg
2026-06-23_16-43-26,B1007775,foto_plat/2026-06-23_16-43-26_B1007775.jpg
2026-06-23_16-43-26,UNKNOWN,foto_plat/2026-06-23_16-43-26_UNKNOWN.jpg
2026-06-23_16-43-27,10017720,foto_plat/2026-06-23_16-43-27_10017720.jpg
2026-06-23_16-43-27,UNKNOWN,foto_plat/2026-06-23_16-43-27_UNKNOWN.jpg
2026-06-23_16-43-27,THEMS,foto_plat/2026-06-23_16-43-27_THEMS.jpg
2026-06-23_16-43-27,BEE,foto_plat/2026-06-23_16-43-27_BEE.jpg
2026-06-23_16-43-27,B10017775,foto_plat/2026-06-23_16-43-27_B10017775.jpg
2026-06-23_16-43-27,F253,foto_plat/2026-06-23_16-43-27_F253.jpg
2026-06-23_16-43-27,EARNTEE,foto_plat/2026-06-23_16-43-27_EARNTEE.jpg
2026-06-23_16-43-27,BATEN,foto_plat/2026-06-23_16-43-27_BATEN.jpg
2026-06-23_16-43-27,81001278,foto_plat/2026-06-23_16-43-27_81001278.jpg
2026-06-23_16-43-28,STER,foto_plat/2026-06-23_16-43-28_STER.jpg
2026-06-23_16-43-28,UNKNOWN,foto_plat/2026-06-23_16-43-28_UNKNOWN.jpg
2026-06-23_16-43-28,METE,foto_plat/2026-06-23_16-43-28_METE.jpg
2026-06-23_16-43-28,UNKNOWN,foto_plat/2026-06-23_16-43-28_UNKNOWN.jpg
2026-06-23_16-43-28,B10017779,foto_plat/2026-06-23_16-43-28_B10017779.jpg
2026-06-23_16-43-28,CETERA,foto_plat/2026-06-23_16-43-28_CETERA.jpg
2026-06-23_16-43-28,AFEAS,foto_plat/2026-06-23_16-43-28_AFEAS.jpg
2026-06-23_16-43-28,B1001274,foto_plat/2026-06-23_16-43-28_B1001274.jpg
2026-06-23_16-43-28,SREESN,foto_plat/2026-06-23_16-43-28_SREESN.jpg
2026-06-23_16-43-28,UNKNOWN,foto_plat/2026-06-23_16-43-28_UNKNOWN.jpg
2026-06-23_16-43-29,IB100127H,foto_plat/2026-06-23_16-43-29_IB100127H.jpg
2026-06-23_16-43-29,UNKNOWN,foto_plat/2026-06-23_16-43-29_UNKNOWN.jpg
2026-06-23_16-43-29,STITES,foto_plat/2026-06-23_16-43-29_STITES.jpg
2026-06-23_16-43-29,ATGA,foto_plat/2026-06-23_16-43-29_ATGA.jpg
2026-06-23_16-43-29,UNKNOWN,foto_plat/2026-06-23_16-43-29_UNKNOWN.jpg
2026-06-23_16-43-29,FO53,foto_plat/2026-06-23_16-43-29_FO53.jpg
2026-06-23_16-43-29,STUSANMANE,foto_plat/2026-06-23_16-43-29_STUSANMANE.jpg
2026-06-23_16-43-29,B012,foto_plat/2026-06-23_16-43-29_B012.jpg
2026-06-23_16-43-29,BEEE,foto_plat/2026-06-23_16-43-29_BEEE.jpg
2026-06-23_16-43-30,CEN,foto_plat/2026-06-23_16-43-30_CEN.jpg
2026-06-23_16-43-30,B1001777,foto_plat/2026-06-23_16-43-30_B1001777.jpg
2026-06-23_16-43-30,UNKNOWN,foto_plat/2026-06-23_16-43-30_UNKNOWN.jpg
2026-06-23_16-43-30,B1001777,foto_plat/2026-06-23_16-43-30_B1001777.jpg
2026-06-23_16-43-30,CTOREN,foto_plat/2026-06-23_16-43-30_CTOREN.jpg
2026-06-23_16-43-30,UNKNOWN,foto_plat/2026-06-23_16-43-30_UNKNOWN.jpg
2026-06-23_16-43-30,ETE,foto_plat/2026-06-23_16-43-30_ETE.jpg
2026-06-23_16-43-31,UNKNOWN,foto_plat/2026-06-23_16-43-31_UNKNOWN.jpg
2026-06-23_16-43-31,CRENA,foto_plat/2026-06-23_16-43-31_CRENA.jpg
2026-06-23_16-43-31,UNKNOWN,foto_plat/2026-06-23_16-43-31_UNKNOWN.jpg
2026-06-23_16-43-32,SAINTE4,foto_plat/2026-06-23_16-43-32_SAINTE4.jpg
2026-06-23_16-43-32,UNKNOWN,foto_plat/2026-06-23_16-43-32_UNKNOWN.jpg
2026-06-23_16-43-32,DIINDONESIA,foto_plat/2026-06-23_16-43-32_DIINDONESIA.jpg
2026-06-23_16-43-32,TATED,foto_plat/2026-06-23_16-43-32_TATED.jpg
2026-06-23_16-43-32,FINDONESIA,foto_plat/2026-06-23_16-43-32_FINDONESIA.jpg
2026-06-23_16-43-33,KENDARAAN,foto_plat/2026-06-23_16-43-33_KENDARAAN.jpg
2026-06-23_16-43-33,AHDIIMOONESIA,foto_plat/2026-06-23_16-43-33_AHDIIMOONESIA.jpg
2026-06-23_16-43-33,AHDIINDONESIA,foto_plat/2026-06-23_16-43-33_AHDIINDONESIA.jpg
2026-06-23_16-43-33,1CHINDONEN,foto_plat/2026-06-23_16-43-33_1CHINDONEN.jpg
2026-06-23_16-43-33,INDONESIA,foto_plat/2026-06-23_16-43-33_INDONESIA.jpg
2026-06-23_16-43-33,1INDONESIA,foto_plat/2026-06-23_16-43-33_1INDONESIA.jpg
2026-06-23_16-43-34,POTOE,foto_plat/2026-06-23_16-43-34_POTOE.jpg
2026-06-23_16-43-34,UNKNOWN,foto_plat/2026-06-23_16-43-34_UNKNOWN.jpg
2026-06-23_16-43-34,PENOMENA,foto_plat/2026-06-23_16-43-34_PENOMENA.jpg
2026-06-23_16-43-34,UNKNOWN,foto_plat/2026-06-23_16-43-34_UNKNOWN.jpg
2026-06-23_16-43-34,BETT,foto_plat/2026-06-23_16-43-34_BETT.jpg
2026-06-23_16-43-34,PESTONANA,foto_plat/2026-06-23_16-43-34_PESTONANA.jpg
2026-06-23_16-43-34,B1001777,foto_plat/2026-06-23_16-43-34_B1001777.jpg
2026-06-23_16-43-34,310017724,foto_plat/2026-06-23_16-43-34_310017724.jpg
2026-06-23_16-43-35,PONOE,foto_plat/2026-06-23_16-43-35_PONOE.jpg
2026-06-23_16-43-35,1001227,foto_plat/2026-06-23_16-43-35_1001227.jpg
2026-06-23_16-43-35,PENANT,foto_plat/2026-06-23_16-43-35_PENANT.jpg
2026-06-23_16-43-35,ALEGRIARAT,foto_plat/2026-06-23_16-43-35_ALEGRIARAT.jpg
2026-06-23_16-43-35,310012H,foto_plat/2026-06-23_16-43-35_310012H.jpg
2026-06-23_16-43-35,B1001727,foto_plat/2026-06-23_16-43-35_B1001727.jpg
2026-06-23_16-43-35,BAI,foto_plat/2026-06-23_16-43-35_BAI.jpg
2026-06-23_16-43-35,INDONESIA,foto_plat/2026-06-23_16-43-35_INDONESIA.jpg
2026-06-23_16-43-36,RENEINDONEUE,foto_plat/2026-06-23_16-43-36_RENEINDONEUE.jpg
2026-06-23_16-43-36,RIDEA,foto_plat/2026-06-23_16-43-36_RIDEA.jpg
2026-06-23_16-43-36,100177,foto_plat/2026-06-23_16-43-36_100177.jpg
2026-06-23_16-43-36,EES,foto_plat/2026-06-23_16-43-36_EES.jpg
2026-06-23_16-43-36,PELTNOMOR,foto_plat/2026-06-23_16-43-36_PELTNOMOR.jpg
2026-06-23_16-43-36,ENONETTN,foto_plat/2026-06-23_16-43-36_ENONETTN.jpg
2026-06-23_16-43-36,10017H,foto_plat/2026-06-23_16-43-36_10017H.jpg
2026-06-23_16-43-36,UNKNOWN,foto_plat/2026-06-23_16-43-36_UNKNOWN.jpg
2026-06-23_16-43-36,PELATMOMA,foto_plat/2026-06-23_16-43-36_PELATMOMA.jpg
2026-06-23_16-43-37,B10017,foto_plat/2026-06-23_16-43-37_B10017.jpg
2026-06-23_16-43-37,FECIEETOMNATA,foto_plat/2026-06-23_16-43-37_FECIEETOMNATA.jpg
2026-06-23_16-43-37,310017K,foto_plat/2026-06-23_16-43-37_310017K.jpg
2026-06-23_16-43-37,UNKNOWN,foto_plat/2026-06-23_16-43-37_UNKNOWN.jpg
2026-06-23_16-43-37,TRONSST,foto_plat/2026-06-23_16-43-37_TRONSST.jpg
2026-06-23_16-43-37,WATNOMARANDRA,foto_plat/2026-06-23_16-43-37_WATNOMARANDRA.jpg
2026-06-23_16-43-37,AIE,foto_plat/2026-06-23_16-43-37_AIE.jpg
2026-06-23_16-43-37,B10012778,foto_plat/2026-06-23_16-43-37_B10012778.jpg
2026-06-23_16-43-37,GIINDONENE,foto_plat/2026-06-23_16-43-37_GIINDONENE.jpg
2026-06-23_16-43-38,UNKNOWN,foto_plat/2026-06-23_16-43-38_UNKNOWN.jpg
2026-06-23_16-43-38,PATETMONE,foto_plat/2026-06-23_16-43-38_PATETMONE.jpg
2026-06-23_16-43-38,B1001AH,foto_plat/2026-06-23_16-43-38_B1001AH.jpg
2026-06-23_16-43-38,UNKNOWN,foto_plat/2026-06-23_16-43-38_UNKNOWN.jpg
2026-06-23_16-43-38,PANNELDONE,foto_plat/2026-06-23_16-43-38_PANNELDONE.jpg
2026-06-23_16-43-38,INALL,foto_plat/2026-06-23_16-43-38_INALL.jpg
2026-06-23_16-43-38,PENONETAN,foto_plat/2026-06-23_16-43-38_PENONETAN.jpg
2026-06-23_16-43-38,PATATNEARB,foto_plat/2026-06-23_16-43-38_PATATNEARB.jpg
2026-06-23_16-43-38,31001270,foto_plat/2026-06-23_16-43-38_31001270.jpg
2026-06-23_16-43-39,UNKNOWN,foto_plat/2026-06-23_16-43-39_UNKNOWN.jpg
2026-06-23_16-43-39,IETN,foto_plat/2026-06-23_16-43-39_IETN.jpg
2026-06-23_16-43-39,PATETNOMER,foto_plat/2026-06-23_16-43-39_PATETNOMER.jpg
2026-06-23_16-43-39,WOT222,foto_plat/2026-06-23_16-43-39_WOT222.jpg
2026-06-23_16-43-39,DIINDONESIA,foto_plat/2026-06-23_16-43-39_DIINDONESIA.jpg
2026-06-23_16-43-39,PELATNORE,foto_plat/2026-06-23_16-43-39_PELATNORE.jpg
2026-06-23_16-43-39,ATNRON,foto_plat/2026-06-23_16-43-39_ATNRON.jpg
2026-06-23_16-43-39,INDONESS,foto_plat/2026-06-23_16-43-39_INDONESS.jpg
2026-06-23_16-43-40,INDENEWE,foto_plat/2026-06-23_16-43-40_INDENEWE.jpg
2026-06-23_16-43-40,NIGINONEEE,foto_plat/2026-06-23_16-43-40_NIGINONEEE.jpg
2026-06-23_16-43-50,UNKNOWN,foto_plat/2026-06-23_16-43-50_UNKNOWN.jpg
